Review_Content,Review_stay_date,Reviewer_name,Rating
"Good service, food was nice, overall a great comfortable stay.

Stayed in April 2024",Stayed in April 2024,Vrunda,9.0
"Maintenance of plumbing and electrical of the room needs checking

Clean, hygiene, well planned

Stayed in April 2024",Stayed in April 2024,Jagdishchandra,9.0
"The swimming pool is built in the parking area, not at all user friendly or cozy.

Beautiful room, good food, friendly staff

Stayed in January 2024",Stayed in January 2024,Sowmya,8.0
"Small rooms, breakfast buffet shud be expanded for business travellers

Clean, good food, efficient

Stayed in March 2024",Stayed in March 2024,Aditya,8.0
"lobby is small

nice cafe and restaurant

Stayed in March 2024",Stayed in March 2024,Sanjay,9.0
"The complimentary coffee was not drinkable, it was horrible. Please just because its complimentary you guys need not make it so bad.

The room was good. Staffs were polite.

Stayed in March 2024",Stayed in March 2024,Zeeshan,7.0
"very good

Stayed in February 2024",Stayed in February 2024,Ankit,7.0
"I am allergic to milk, for a hotel like this I was excepting a milk substitute like Soya etc ., but they did not have one

I liked the Spa!

Stayed in March 2024",Stayed in March 2024,Stanley,8.0
"Cleanliness to be improved 
The shower curtain was dirty
The carpet needed cleaning
Overall very dusty many places

Stayed in March 2024",Stayed in March 2024,Serena,7.0
"It is old hotel

Stayed in March 2024",Stayed in March 2024,Mohammed,7.0
"Compact and clean place with good food and good service

Well and centrally located. The rooms were quite spacious with good air conditioners and well equipped. The linen and the room was very clean and service was good.
Excellent choice for any kind of stay.

Stayed in January 2024",Stayed in January 2024,Lalit,8.0
"N/A

Location is perfect to visit the places nearby.

Stayed in March 2024",Stayed in March 2024,Anushree,8.0
"Nothing Specific

Location and Proximity

Stayed in March 2024",Stayed in March 2024,Jayesh,9.0
"Small room and small reception

Location

Stayed in February 2024",Stayed in February 2024,Mansoor,8.0
"We had to change rooms as the Exec upgraded room had a musky smell every time the AC was turned on

Nice location, modern facilities good breakfast

Stayed in February 2024",Stayed in February 2024,Lad,7.0
"The coffee corner needs to be attended and not be as a on ""call system""

Stayed in February 2024",Stayed in February 2024,Sharad,9.0
"Nothing during trip.

Good in all aspects fom staff to location.

Stayed in February 2024",Stayed in February 2024,Himansu,9.0
"Friendly and helpful staff in every department, room was outstanding‚Ä¶large room and super clean. Great location for shopping

Stayed in February 2024",Stayed in February 2024,Jitendra,9.0
"Expecting some more bakery products in veg menu at breakfast and also at main counter,  rest was all good.

Staff,  location and this is second time I was upgraded to Jr suit from business class,  am really glad for that.

Stayed in February 2024",Stayed in February 2024,Shah,9.0
"Water leaking from basin on floor in bathroom.

Clean, great location, friendly and helpful staff.

Stayed in February 2024",Stayed in February 2024,Kavita,9.0
"Clean and centrally located

Stayed in January 2024",Stayed in January 2024,Nilesh,9.0
"Even though non smoking from bathroom vents can smell smoke from upstairs or neighbours room. 
Breakfast /dinner room over busy and did not give feeling of real Radission.

Location

Stayed in January 2024",Stayed in January 2024,Rajendra,7.0
"nothing to report

clean and spacious room.

Stayed in January 2024",Stayed in January 2024,Francesca,8.0
"nothing everything was as it should be , however a little expensive for Ahmedabad

Excellent Breakfast clean rooms , nice location , friendly staff , no complaints

Stayed in January 2024",Stayed in January 2024,Dinesh,8.0
"Good service, food was nice, overall a great comfortable stay.

Stayed in April 2024",Stayed in April 2024,Vrunda,9.0
"Maintenance of plumbing and electrical of the room needs checking

Clean, hygiene, well planned

Stayed in April 2024",Stayed in April 2024,Jagdishchandra,9.0
"The swimming pool is built in the parking area, not at all user friendly or cozy.

Beautiful room, good food, friendly staff

Stayed in January 2024",Stayed in January 2024,Sowmya,8.0
"Small rooms, breakfast buffet shud be expanded for business travellers

Clean, good food, efficient

Stayed in March 2024",Stayed in March 2024,Aditya,8.0
"lobby is small

nice cafe and restaurant

Stayed in March 2024",Stayed in March 2024,Sanjay,9.0
"The complimentary coffee was not drinkable, it was horrible. Please just because its complimentary you guys need not make it so bad.

The room was good. Staffs were polite.

Stayed in March 2024",Stayed in March 2024,Zeeshan,7.0
"very good

Stayed in February 2024",Stayed in February 2024,Ankit,7.0
"I am allergic to milk, for a hotel like this I was excepting a milk substitute like Soya etc ., but they did not have one

I liked the Spa!

Stayed in March 2024",Stayed in March 2024,Stanley,8.0
"Cleanliness to be improved 
The shower curtain was dirty
The carpet needed cleaning
Overall very dusty many places

Stayed in March 2024",Stayed in March 2024,Serena,7.0
"It is old hotel

Stayed in March 2024",Stayed in March 2024,Mohammed,7.0
"Compact and clean place with good food and good service

Well and centrally located. The rooms were quite spacious with good air conditioners and well equipped. The linen and the room was very clean and service was good.
Excellent choice for any kind of stay.

Stayed in January 2024",Stayed in January 2024,Lalit,8.0
"N/A

Location is perfect to visit the places nearby.

Stayed in March 2024",Stayed in March 2024,Anushree,8.0
"Nothing Specific

Location and Proximity

Stayed in March 2024",Stayed in March 2024,Jayesh,9.0
"Small room and small reception

Location

Stayed in February 2024",Stayed in February 2024,Mansoor,8.0
"We had to change rooms as the Exec upgraded room had a musky smell every time the AC was turned on

Nice location, modern facilities good breakfast

Stayed in February 2024",Stayed in February 2024,Lad,7.0
"The coffee corner needs to be attended and not be as a on ""call system""

Stayed in February 2024",Stayed in February 2024,Sharad,9.0
"Nothing during trip.

Good in all aspects fom staff to location.

Stayed in February 2024",Stayed in February 2024,Himansu,9.0
"Friendly and helpful staff in every department, room was outstanding‚Ä¶large room and super clean. Great location for shopping

Stayed in February 2024",Stayed in February 2024,Jitendra,9.0
"Expecting some more bakery products in veg menu at breakfast and also at main counter,  rest was all good.

Staff,  location and this is second time I was upgraded to Jr suit from business class,  am really glad for that.

Stayed in February 2024",Stayed in February 2024,Shah,9.0
"Water leaking from basin on floor in bathroom.

Clean, great location, friendly and helpful staff.

Stayed in February 2024",Stayed in February 2024,Kavita,9.0
"Clean and centrally located

Stayed in January 2024",Stayed in January 2024,Nilesh,9.0
"Even though non smoking from bathroom vents can smell smoke from upstairs or neighbours room. 
Breakfast /dinner room over busy and did not give feeling of real Radission.

Location

Stayed in January 2024",Stayed in January 2024,Rajendra,7.0
"nothing to report

clean and spacious room.

Stayed in January 2024",Stayed in January 2024,Francesca,8.0
"nothing everything was as it should be , however a little expensive for Ahmedabad

Excellent Breakfast clean rooms , nice location , friendly staff , no complaints

Stayed in January 2024",Stayed in January 2024,Dinesh,8.0
"Food in restaurant was really not good at all ! 
Taste was rather plain
Selection and variety in adequate & surprising 
Preparation was not in line with expectations. 
Also, housekeeping can be much better.... after 1st day, soiled  towel left below sink, only 1 water bottle added.... food crumbs (which i had not eaten) near window !!!

Good big room, great
Location and cordial  staff

Stayed in July 2023",Stayed in July 2023,Jiten,7.0
"Overall a good experience

Stayed in June 2023",Stayed in June 2023,Ajay,9.0
"As one steps out of the lift, there is no indicator for the restaurant in which residents are supposed to have buffet breakfast. For the first time visitor it may be confusing as the other restaurant - Kebeb corner.... is on the right and this restaurant is on the left.

The restaurant is quite nice and has a good layout. The staff is prompt and the chef was personally looking after the needs of the customers. He even served items that were not laid out in the buffet.

Stayed in July 2023",Stayed in July 2023,Mv,9.0
"All good. Keep it up.

Nice clean well maintained place. Good buffet dinner, excellent breakfast. Value for money.
Courteous and helping staff. 
Centrally located near CG road, for all types of 2 to 5 minutew shopping and walk distance eateries.

Stayed in July 2023",Stayed in July 2023,Hemant,9.0
"The approach of Front Desk Manager could be better,he behaves like he is so much busy and not attending the guests properly. While going towards the rooms after the check in, he comes and stops us at the lift lobby to take the picture of us. Taking picture is not that problem ,but the way he did, its very disregardful. Such a brand like Radisson blue deserves some smart managers who can handle its customers very elegantly and politely.

Nice Good food and comfortable stay.
Overall Staffs are nice and Cooperative.

Stayed in July 2023",Stayed in July 2023,Arif,9.0
"Nothing much

Service, rooms amenities and size
Breakfast spread 
Electric cabs

Stayed in June 2023",Stayed in June 2023,Yugal,8.0
"Except an issue with the air-conditioning (which was put right by the technician), everything was perfect

The staff, the rooms, the food everything was excellent. The location is ideal - very centrally located.

Stayed in June 2023",Stayed in June 2023,Nikhil,9.0
"Services can improve.Dinner buffet options can be better.

Nice location , rooms are clean.Special mention for Ms Jyoti at front desk who was very supportive.

Stayed in June 2023",Stayed in June 2023,Kapil,8.0
"All minor issues: 
Made several calls just to get room cleaned.  Room layout was odd- bathroom door should come out from hallway not from bed area- this would help with privacy.  The AC is at a fixed temperature.  The small refrigerator wasn‚Äôt that effective at keeping items cold.  If the hotel is hosting business meetings, the meeting room and lobby areas can become quite noisy.

Great location- close to shops and restaurants.  Front reception staff are very friendly and accommodating.  Decent sized rooms and quiet.  Minibar at MRP.

Stayed in June 2023",Stayed in June 2023,Adeline,8.0
"Service TV was not working

Facilities and location

Stayed in May 2023",Stayed in May 2023,Madaan,8.0
"Salad missing in the buffet.

Good food. Missing salads. But the variety of food was really good. 
Staff was really helpful.

Stayed in June 2023",Stayed in June 2023,Pankaj,9.0
"cleanliness needs a lot of attention

Pranjal and Jay were very  efficient and good

Stayed in May 2023",Stayed in May 2023,Anil,8.0
"bed, mattress, pillow and bedsheets were worn out and bedsheets had stains‚Ä¶

location

Stayed in May 2023",Stayed in May 2023,Jaimin,8.0
"V well maintained

Prompt service and good ambiance and neatness I most stay at Radisson whenever I get a good basic rate coz it‚Äôs worth it

Stayed in May 2023",Stayed in May 2023,Minal,9.0
"nothing to say

good property

Stayed in May 2023",Stayed in May 2023,Viraj,8.0
"size of the pool and the timing, I was asked not to swim post 7 PM in the evening. For those visiting for work, we only have time post 7 PM so the pool should be open for much longer, at least until 10 PM.

Stayed in May 2023",Stayed in May 2023,Raj,8.0
"Nothing

Buffet Breakfast
Value for Money
Room and facilities
Virtually Everything
Rooms are digital smart rooms and alexa will surely bring smiles

Stayed in May 2023",Stayed in May 2023,Dr,9.0
"The hotel is located neat the Law Garden in Ahmedabad. Our room was upgraded to a business class room so that was a bonus! The hotel is very clean and the room very comfortable with all the amenities for a very comfortable stay. The buffet breakfast is excellent. Staff is very friendly and accommodating. The onsite restaurants are excellent.

Stayed in April 2023",Stayed in April 2023,Kpanch,8.0
"Mattress was of poor quality. Hotel has not been maintained with stains on carpets

Location was very convenient we were in Ahmedabad for shopping and found that everywhere was easy to get to.

Stayed in April 2023",Stayed in April 2023,Krishna,7.0
"Reception staff was rude.

Location is good

Stayed in May 2023",Stayed in May 2023,Hiren,7.0
"air conditioning is not upto the mark after repeated complains rooms were still warm

good location comfortable stay nice staff

Stayed in March 2023",Stayed in March 2023,Mohmed,8.0
"nothing specific

A friendly front office executive welcomes you to the property. I would like to mention super hospitality by Ms Pranjal. The rooms are awesome and super comfortable! Very clean rooms, property. The restaurants are amazing and really prepare good food!

Stayed in April 2023",Stayed in April 2023,Amol,9.0
"I like the services and very supportive staff.

It's a very calm and quite place.stay was veri nice

Stayed in April 2023",Stayed in April 2023,Aarif,9.0
"I always used to eat curd rice whenever i visited to Ahmedabad. So i have ordered curd rice here but i feel that taste should be improved little bit.

I like the staff behaviours especially a girl in different uniform (i forgot her name). Services provided by the Room dine in team and manager of this hotel who are all well trained to treat customers with care.

Stayed in April 2023",Stayed in April 2023,Ali,8.0
"air conditioning was not so cool

it was good

Stayed in April 2023",Stayed in April 2023,Shebna,8.0
"Had asked for a No Smoking Room, though was given one too. However, it did smell of Smoke...No Windows to allow in Fresh Air. Spraying a Room Freshener was just a Temporary Relief...THEY NEED TO UPGRADE TO DEDICATED NO SMOKING AREAS OR IMPROVE THE ONE'S ON OFFER ! ! !

Happy & Satisfying Experience !!! Would not mind recommending and staying once again . . .

Stayed in July 2022",Stayed in July 2022,Brian,7.0
"reception staff not pleasent in welcoming thr guest , cold approach

middle of the town

Stayed in July 2022",Stayed in July 2022,Anvar,7.0
"Pillars and bathroom

Bathroom should have been a bit more cleaner. Too many stains. Pillar need to be better.

Stayed in July 2022",Stayed in July 2022,Ramesh,9.0
"Stained carpets could do with a refurb

Location

Stayed in June 2022",Stayed in June 2022,Raj,8.0
"The Superior room mentions a lot of amenities in the room but they are unavailable like Iron and Iron Board, hair dryer and most important the safe locker.
The room service gave me an alternative of an ashtray (picture attached). The bowl like thing was the cover of a potty cleaner brush.
 During our stay all the requests made whether it was for amenities or even taking the luggage during check out we're delayed and had to do multiple followups for the same. I am not sure why there was such lack of service.
It's useless to request anything to the Operator, Room Service and Guest relations as they tend to ignore all the requests.
The property caters to corporate clients maybe that's the reason. 
I wouldn't recommend families to book here though it is near to local shopping streets because it lacks service and hospitality. 
Staying in a Five star property and to loose my cool to get things done and be heard is the last thing I would appreciate.

The check in was smooth, however we were assigned a superior room instead of a Business High floor room. The amenities in the room were not available as mentioned, hence had reached out to Ms. Alisha Bansal next day to inform her about the inconveniences faced and she immediately upgraded our room to a suite and complemented it with a family dinner at Timpana. Thank you to Ms. Alisha from the Operations and Shahid (Timpana Rest.) to turnaround the bad experience we had on the first day.

Stayed in July 2022",Stayed in July 2022,Amis,8.0
"cleanliness , breakfast spread

Stayed in July 2022",Stayed in July 2022,Balaji,8.0
"Breakfast was a mix of local fare and international fare.   Enjoyed the ambiance and serenity during breakfast.

Stayed in June 2022",Stayed in June 2022,Vijayalakshmi,8.0
"nothing

good

Stayed in June 2022",Stayed in June 2022,Amit,7.0
"Overall was good stay, staff was very helpful.

Stayed in June 2022",Stayed in June 2022,Meenakshi,8.0
"Staff Support during Rains

Location, Breakfast, Room

Stayed in June 2022",Stayed in June 2022,Dheeraj,7.0
"The swimming pool. It's the tiniest we've ever seen in any 5 star property anywhere. That's all of my dislikes.

The breakfast spread was wide and the quality satisfactory. Service was very good, polite, quick. Overall, we enjoyed our small vacation at the Radisson Blu. Got an early check in and a late check out, thank you.

Stayed in June 2022",Stayed in June 2022,Amar,8.0
"Room service was very under average- rooms were not regularly cleaned and if they did took alot of time. Amenities were hardly replaced.Billing was the worst experience and didn't expect this from a 4star hotel- They clubed someone else's room bills with me and tried  tried to charge me 15000 rs extra. They couldn't produce the signed copy of extra restaurant meals etc added to my room. My parents had already checked out their room on 19th but they wanted to charge me for their room until 21st.. don't know why. Many glitches in billing systems and ruined the over all experience in the end..Please check your billing system.

Best part of the stay was staff especially the doormen and the valet parking people. They were totally amazing and helpful. Most respectful and by far made my experience the best in India.I loved the on-spot services. Things reached your rooms as soon as you asked for something like bottle of water etc.

Stayed in June 2022",Stayed in June 2022,Eklavyya,7.0
"staff at reception was very helpful, arranged taxi for me Pickup from airport ws great

Stayed in May 2022",Stayed in May 2022,Rashmi,9.0
"Breakfast spread was good

Stayed in June 2022",Stayed in June 2022,Vineet,8.0
"The water was luke warm. Could not take a bath as the water would be cold by the time you get in. I requested that they increase the water temperature to which they said they would, but did not happen. We are platinum members of Radisson rewards and requested an early check-in to which they said they would accommodate if there's availability (which there was) but we had to pay for a half day after checking in at 05:30 am.

The location was close to the airport.

Stayed in June 2022",Stayed in June 2022,Chanteltravel,7.0
"food choices, but is aceptable as previously mentioned

The break fast buffet has a lot of varieties, however very small number of international dishes, with is understandable as I could not see many foreigners. reception people very helpful in given the rights information and the executive house keeping team doing a very good work guided by RAJAWI MAHADASH, hope you spell it this way.thank for all in general.

Stayed in June 2022",Stayed in June 2022,Juan,8.0
"ac is not working

Stayed in May 2022",Stayed in May 2022,Nilesh,7.0
"Lobby

Food

Stayed in May 2022",Stayed in May 2022,Pk,8.0
"I had booked a suite room and when I opened the room fridge it was empty.Atleast could have been filled with water bottles

Entire stay was good

Stayed in May 2022",Stayed in May 2022,Vinay,9.0
"Shower space and toilet cleaning can be improved

Polite and very helpful staff

Stayed in May 2022",Stayed in May 2022,Paritosh,7.0
"Food can still be made better. Wow factor is missing!

Ambience of restaurant

Stayed in May 2022",Stayed in May 2022,Sahil,7.0
"Nothing..it was good to stay.. But still has room for improvement..

Staff was too good.. and Courteous..

Stayed in May 2022",Stayed in May 2022,Anthony,9.0
"Only a small criticism was operation of the TV system, found it very complicated! Eventually found relevant channels but was a battle.!

Stayed in May 2022",Stayed in May 2022,Haz1308,9.0
"None

Hospitality and staff attention.

Stayed in April 2022",Stayed in April 2022,A,9.0
"Service can be faster

It‚Äôs a good feel place

Stayed in May 2022",Stayed in May 2022,Krishnan,8.0
"The choices for western people where limited

Stayed in November 2021",Stayed in November 2021,Juan,7.0
"bath room door

it‚Äôs location

Stayed in November 2021",Stayed in November 2021,Hitesh,8.0
"Comfortable stay üôÇ

Stayed in October 2021",Stayed in October 2021,Ankita,9.0
"we excepted package include breakfast , unfortunately break fast was not included in package . booking.com app needs to be more clear with this in confirmation. regardsraj

Stayed in September 2021",Stayed in September 2021,Raaj,7.0
"The attitude of staff is average, not upto the mark. Breakfast needs to vary on daily basis, you cannot same or similar bf each morning. Gym equipment‚Äôs needs maintenance immediately.

The location is excellent

Stayed in September 2021",Stayed in September 2021,Priyanka,7.0
"The location !!!

Bathroom

Stayed in September 2021",Stayed in September 2021,Mitul,9.0
"The room could do with a teaspoon or two for stirring the coffee or tea.I would like to have had the shaving kit replaced after use. A hand towel would have been appreciated too.

The bed and pillows were comfortable and bathrooms were clean. I liked the poha and the parathas at the breakfast buffet.Your staff was very polite, specialy the new person Pramod.

Stayed in August 2021",Stayed in August 2021,Sanjay,8.0
"Services needs to be improved ,
Check in time nobody to attend to your luggage.

Spacious Rooms , value for money

Stayed in August 2021",Stayed in August 2021,F,8.0
"Delay in check in.

Excellent breakfast. Location.

Stayed in August 2021",Stayed in August 2021,Mahendra,8.0
"The bathroom shead that covers the glass was dirty, the bathroom door was not getting closed while shower and the water was coming out of the door.

I like the staff and the space in the hotel

Stayed in August 2021",Stayed in August 2021,Vineta,8.0
"Yes

Stayed in July 2021",Stayed in July 2021,Ms,9.0
"All was ok

Good rooms

Stayed in July 2021",Stayed in July 2021,Keyur,8.0
"the bedsheet were not that good. There was bobbling in the bedsheet.The AC of room was also not upto the mark. As cooling was not appropriate as it was showing in the remote.

Stayed in July 2021",Stayed in July 2021,Dipankar,7.0
"Mosquitoes in Lobby infront of Entrance reception where in people sit @ couch.

Stayed in July 2021",Stayed in July 2021,Ajay,8.0
"ALWAYS WITH POOL ,,,,,, THIS DISSAPOINT ME ALL TIME WITH THIS HOTEL POOL ,....BSZ OF LOCATION AND VIBE ,,,,IS JUST ATTACH WITH HOTEL PARKING AREA AND IT WONT GIVE U POOL VIBE HOTEL

ALL TIME FAV HOTEL AND GOOD COMFORT HOTEL ON MY LIST COMPARE WITH LOW PRICE WITH 5 STAR FACILITIES ,,,THE STAFF WHERE SO NICE AT TIME OF CHECKIN ..THE WONT TAKE MUCH TIME TO CHECKIN ... IF U WHERE ALLRDRY CHECKED-IN BEFORE PAST DAYS TO THIS HOTEL,,,,,,, OVERALLL MY EXPREINCES WITH THIS HOTEL IS TOO-GOOD ,ALWAYS FORWARD TO CHECKIN TO THIS HOTEL,..

Stayed in June 2021",Stayed in June 2021,Naresh,9.0
"THE POOL LOCATION AND THE POOL VIBE ... THE POOL IS NOT IN HOTEL VIBE TYPE .. OVER ALL THE HOTEL STAY WAS TO GOOD

PROPERTY IS GOOD ,I WHERE STAY IN THIS HOTEL NOT 1,AND 2 TIME ...IN FACT I STAY HERE  MORE THAN 14 TIMES AND FOOD AND CLEANLINESS WAS TO GOOD ... THE STAFF WERE SO GOOD AND CO-OPERATIVE.. ALWAYS HAPPY TO CHECK-IN TO THIS HOTEL AND.... THE MAIN THING THE PRICE IS TO LOW AMONG ALL 5STAR HOTEL IN AHMEDABAD

Stayed in May 2021",Stayed in May 2021,Naresh,8.0
"The rooms where quite old, wear and tear of room is quite visible. Management should put effort to correct any signs of wear and tear. 
And during my stay there was a breakdown of light and AC controller. After an hour of no success in rectifying the fault, another room was provided.

Stayed in July 2021",Stayed in July 2021,Srikant,7.0
"Room service n house keeping

Good to stay

Stayed in July 2021",Stayed in July 2021,Info,9.0
"ROOM CLEANING IS NOT COMING AFTER 5 TIME REQUEST.

AMENITIES LOCATION AND FOOD

Stayed in June 2021",Stayed in June 2021,Dilip,7.0
"Comfortable stay, food was good. Rooms were super clean. 
Staff was good. Have to wait for early check in as I have arrived 7 in morning :p

STAY.

Stayed in June 2021",Stayed in June 2021,Raahgiraman,9.0
"Washrooms. Washbasins are like of 1950s.

Good location

Stayed in March 2021",Stayed in March 2021,Aggarwal,7.0
"Loved the food

Stayed in April 2021",Stayed in April 2021,Mamta,9.0
"Will talk only for the room with view on main street: very noisy - was difficult to sleep.

Location and staff is very nice

Stayed in April 2024",Stayed in April 2024,Arnaud,4.0
"Rooms and its interior. Its all run down property

Stayed in March 2024",Stayed in March 2024,Keyur,3.0
"Everything is accessible, clean, super friendly and helpful staff, nice pool

Stayed in April 2024",Stayed in April 2024,Maria,10
"Having no sleep as our room was next to an outdoor whatever making the most annoying sound every 30 seconds. Complained and was dealt with only to start half hour later

Staff

Stayed in November 2023",Stayed in November 2023,Nitesh,1.0
"N/a

Pranjal, jyoti, and roshni were all very welcoming. I especially liked their recommendations for where to go in the city!

Stayed in November 2023",Stayed in November 2023,D'souza,10
"ROOM

V GOOD

Stayed in October 2023",Stayed in October 2023,Jayant,10
"Purposely selected high floor , non smoking room, only realised that was offered smoking room once we went back to hotel room at night. Our child did notice the Oder and was not a comfortable feeling.

Housekeeping and Staff are friendly. Location is central and well connected with public transportation.

Stayed in November 2023",Stayed in November 2023,Mohit,5.0
"Room smelled damp, very dated, parts of it unfinished, technology-room controls didn't work (eg Alexa wasnt connected to the internet), noisy aircon, lobby was highly perfumed, breakfast was below average

Good Location, great service

Stayed in November 2023",Stayed in November 2023,Ayan,6.0
"Late check-in process

Location

Stayed in November 2023",Stayed in November 2023,Virambhai,10
"Nothing

Everything

Stayed in October 2023",Stayed in October 2023,Soni,10
"No alcohol servered on the hotel, which i found very inconvinent and went to have dinner at the hotel restaurant due to their dinner time it took litte long for me to be served.

Staff was very nice and very help full, Specially the girls serve me Pranjal and Richa... sorry i was going to post a review but now only i come to my home. Thank you for all your assistance and help girls.... see you all on my next trip to Gujarat.

Stayed in October 2023",Stayed in October 2023,Saichithanandasivam,10
"Its location & food

Stayed in October 2023",Stayed in October 2023,Akhil,10
"Cleanliness, quality of breakfast and general response time needs updating. Not the quality expected of a Radisson

Stayed in October 2023",Stayed in October 2023,Deepa,6.0
"I didn‚Äôt like

Stayed in October 2023",Stayed in October 2023,Bhagaval,3.0
"Credit Card details not considered for payment during checkout. The reception staff asks for physical card

Stayed in October 2023",Stayed in October 2023,Virendra,5.0
"Personal was very friendly

Stayed in October 2023",Stayed in October 2023,Rafike,10
"Nothing

Good

Stayed in October 2023",Stayed in October 2023,Zebing,10
"Bed

üëç

Stayed in October 2023",Stayed in October 2023,Atish,10
"Dhokla and patar

I like fruits and desserts in breakfast

Stayed in October 2023",Stayed in October 2023,Gannavarapu,10
"In the dinner no body attended me, the food taste and variety also not good, I stayed in  the same property several times but this time is not good.

Location is good

Stayed in October 2023",Stayed in October 2023,Amala,5.0
"Pool room service

Nothing

Stayed in October 2023",Stayed in October 2023,Daljit,4.0
"Tabu and Pranjal at the front desk were prompt and helpful in quick check in and check out. Room was really clean and quite spacious.

Stayed in October 2023",Stayed in October 2023,Hardik,10
"Everything is great.

Ambience.

Stayed in October 2023",Stayed in October 2023,Vishal,10
"All staff from reception was excellent joyee pranjal and tabu was excellent in services thanks all of you üòä

Stayed in October 2023",Stayed in October 2023,Dinesh,10
"Service was very slow.. It took too much time for each and every request

Stayed in October 2023",Stayed in October 2023,Dey,6.0
"Nothing that I can remember

Comfortable room and good breakfast

Stayed in September 2023",Stayed in September 2023,Himansu,10
"It's surprising to see that brand like Radisson is not keeping up the standards. I have highlighted the issues to the duty manager Shubham, on my last trip also the problem were similar.  
Alexa was not working. 
Complimentary fruits were not kept in the room.
Carpet was not clean, it was full of dust plus discarded wrappers were there in the room corners. Plastic bottles were kept in the room. Minibar was empty.  
As I have faced the issues in my previous stay, this time, I have personally called a day before and spoken to Roshni and told her to keep the room ready and I am allergic to dust but still it was the same.
Also, my previous bookings were through Booking.com, the booking process is not yet completed from Radisson team, have given multiple reminders.

Stayed in October 2023",Stayed in October 2023,Disha,2.0
"GPS location on booking.com is wrong.

Stayed in October 2023",Stayed in October 2023,Mehandru,10
"The behaviour of the entire team of the hotel.

The hospitality was excellent .

Stayed in June 2023",Stayed in June 2023,Ahuja,10
"‚Äî-

cleanliness, hospitality, hygiene, service

Stayed in June 2023",Stayed in June 2023,Deepak,10
"untrained staff, no cleanliness, Lift button lights not working. they tried to see water to me, they dont have spare cups, when asked for cups, staff said that they would wash it, whatever is available in the room.. and these instructions came from floor manager.

Stayed in May 2023",Stayed in May 2023,Rajat,1.0
"the restaurant food isn‚Äôt good

good location

Stayed in May 2023",Stayed in May 2023,Ramakhunou,5.0
"We used 4 rooms in total - The staff are extremely slow. Service is delayed for almost anything you request. Be it with attending to calls on time or with respect to housekeeping and in room services. They don‚Äôt even have enough towels. And don‚Äôt replace the used towels with new. On requesting for a replacement for the towels taken, they ask us to wait until the used ones are cleaned and dry.
Every room service they bring in, they don‚Äôt bring up the required number of plates wrt the number of guests checked in. And every meal we had to request extra plates which were forgotten and had to be called for again at least 2-3 times. Every in room meal order, specific orders of salad, papads and dahi were forgotten.
The junior suite which is fully automated with built in remote systems are dysfunctional. There is no way to operate the aspects of the room like adjusting room temperature, opening/closing of windows, switching on/off the lights. Everything needs to be controlled only with Alexa and that‚Äôs not possible because their Internet does not connect. We had to call for the service technician to come to adjust the freezing temperature in one room and how hot it was in the adjoining living room because the remote panels in the room weren‚Äôt working. The staff didn‚Äôt attend to us even after waiting for more than 1.5 hours and calling repeatedly more than 3-4 times. (We even requested saying that my 3 year old is freezing). They came up to attend to the call only when they needed their agenda to be met.
To top this, each and every time we called for any requests, the staff would just use their key card and enter the room without giving us enough time to answer the door. (They knew we were inside because we had placed calls specifically). I don‚Äôt know how this is acceptable. This was the most audacious of things and totally unacceptable.
Overall some staff and almost all the housekeeping are shockingly inefficient and least bit remorseful about their inefficiency.

Location was convenient. Fairly accessible with a metro station quite nearby. The property was good. The breakfast spread was good too.

Stayed in May 2023",Stayed in May 2023,Sharanya,3.0
"Staff at reception was excellent 
Jay,Pranjal,Shubham was very helpful

Stayed in May 2023",Stayed in May 2023,Abhishek,10
"No

All good

Stayed in May 2023",Stayed in May 2023,Abhishek,10
"It was my first visit to Ahmedabad and like always we chose to stay in Radisson.....the hotel didn't dissappoint at all ....The view 
was amazing and thanks for the free upgrade

Stayed in May 2023",Stayed in May 2023,Sabina,10
"Nothing

Everything

Stayed in May 2023",Stayed in May 2023,Sunil,10
"place

Stayed in May 2023",Stayed in May 2023,Prateek,10
"Really awesome.

Stayed in May 2023",Stayed in May 2023,Alla,10
"none

clean and very spacious rooms

Stayed in May 2023",Stayed in May 2023,Subramanian,10
"location ,staff, Gujrati Food

Stayed in May 2023",Stayed in May 2023,Maitreya,10
"I was glade to get free of cost upgrade to semi suit and it was awesome experience. Thanks to fronttdesk .

Stayed in May 2023",Stayed in May 2023,Shah,10
"- lift light buttons were not working. 
- in the room, staff forgot to put the towels, 
- they asked for money for bottled water. they tried to feed me tap water. 
- curtain in the bathroom had fungal on it. 
- the shaving mirror was loose and at chest hight, you literally have to bow down to do the shave. 
- room service has delays upto 35-40 minutes. 
-  asked for tea mugs, and staff member came after 15-20 minutes without the mugs and then he told me he would wash the mugs in the room while I was in a meeting. did they run out of mugs in the hotel??

nothing,

Stayed in May 2023",Stayed in May 2023,Rajat,1.0
"Staff orientation for service and care

Stayed in May 2023",Stayed in May 2023,Omprakash,10
"Nice hospitality

Stayed in May 2023",Stayed in May 2023,Brijal,10
"swimming pool location near car parking.

breakfast & and hotel location Room are also clean. staff is very helpful.

Stayed in May 2023",Stayed in May 2023,Rahul,10
"Nothing specifically. All was excellent. In fact I slept for full 9 hours in a noiseless comfortable room on 7th floor

All the items were very good. I specifically like aloo mather bhaji poori and parantha. Well cooked. Delicious.

Stayed in April 2023",Stayed in April 2023,Vikram,10
"Air condition cooling system,room not getting properly cold

everything

Stayed in April 2023",Stayed in April 2023,Virambhai,10
"everything was good

location and rooms

Stayed in April 2023",Stayed in April 2023,Neha,10
"nothing

amazing

Stayed in April 2023",Stayed in April 2023,Shweta,10
"Fridge was empty

Excellent Room Infrastructure with facilities

Stayed in April 2023",Stayed in April 2023,Yogesh,10
"NOTHING

GOOD SIZE ROOMS AND GREAT ROOM SERVICE

Stayed in April 2023",Stayed in April 2023,Dharmesh,10
"No I don‚Äôt like this hotel

Stayed in April 2023",Stayed in April 2023,Prakash,4.0
"Best

Nice service

Stayed in December 2022",Stayed in December 2022,Janagaran,10
"nothing

clean and good service

Stayed in December 2022",Stayed in December 2022,Jiten,10
"Services

Best stay ever

Stayed in December 2022",Stayed in December 2022,Nikhil,10
"slightly pricier than expected

cleanliness , good hygiene , excellent food, courteous and helpful staff who accommodated all our requests

Stayed in December 2022",Stayed in December 2022,Swaroop,10
"I would have appreciated if the hotel confirmed that breakfast was included with the stay , this was not confirmed  at the time of checkout or in the booking confirmation detail .
We were only told about it when we checked out . We paid for breakfast but was not able to use this as we were not notified that this was included , I would like to ask for the refund for breakfast.

location

Stayed in December 2022",Stayed in December 2022,Naina,5.0
"Confidence

Stayed in November 2022",Stayed in November 2022,Kuldeep,10
"Unfortunately stay at property is most disheartening as this property has 5 star rating. Would expect certain standards. 
15% was not applied until advised on 4 day. 
It does not deliver. 
Rooms are tired, dirty (needs a deep clean) and also in of brightening up. 
Staff are polite but unfortunately you have to keep asking or lack of what you are trying to get across leaves you frustrated. Tea takes to long to come at breakfast you are almost finished or waiting time for puri is the same you‚Äôve finished dinner before it arrives just some instances. No salt and pepper on tables always have to ask. No tissues on tables. 
Last night I witnessed 7-8 children running and shouting in restaurant nothing was done until I asked manager to have a word yet they continued, mention this to reception this morning and was told nothing they can do. This again is not what you expect from a 5 star hotel. 
Spa is ok again dated and unclean. Rooms are not ready for when you attend you have to wait. Cold rooms with loud staff while having a full body massage is not what you want. 
Parking had to be on street most days although we had two rooms as no space. Driver collecting us asked to wait on road. 
Roof top restaurant was not open in December and space not available to relax. 
Pool is pretty to look at but unusable due to monkey pee and poo. (Witnessed them cleaning and stinging from it too). 
Gym was used three occasions all of which there was no water available and no towels. Had to ring reception, music was not on and air-con was off.  
No hairdryer or ironing board available in room.

Food was exceptional and of good varied great quantity very night. so many chalices for breakfast and dinner.

Stayed in December 2022",Stayed in December 2022,Tanuja,2.0
"*check in process was having no hospitality or welcome procedure. 
*no water in room. duty manager informed of some *hot water problems
*towels were not kept after room cleaning 
*rooms were having a foul smell
*our two wheeler was parked in the premises of the *hotel and in the morning the hotel security THREW IT ON THE ROAD. (Ridiculous) 
*food at breakfast was not upto mark
*all steamed items were dry and like rubber.

location

Stayed in December 2022",Stayed in December 2022,Pratik,3.0
"Nothing......

So clean and the breakfast is amazing you had a lot of choices for for the foreigner like me.....

Stayed in December 2022",Stayed in December 2022,Chinchin,10
"Everything

Nothing

Stayed in December 2022",Stayed in December 2022,Rajesh,1.0
"the flush was a problem but the rest of the stuff was ok

it was clean and. nice. like most business hotels we have visted  also liked cleaner Lakshman he was very attentive and cleaned properly

Stayed in December 2022",Stayed in December 2022,Jamie,10
"Nothing.....its totally perfect....because you can stayed first so the payment is on Check out time..... So different kinda of rules...

It's awesome the employees and housekeeping is absolutely friendly and smiling I love the ambiance so clean and perfect fit for me the breakfast totally I love it....

Stayed in December 2022",Stayed in December 2022,Chinchin,10
"I stayed in this hotel for 15 nights in February 2022 and had a great experience. This time I wanted to stay for 15 nights but after 9 nights of stay I moved to another hotel because of various issues like leaking showers, smelly rooms, ineffective air conditioner, lot of issues with house keeping not cleaning in time even after few reminders, not replacing towels, ,mugs etc.There is always a wait in the breakfast area. Food quality is not as good as before.Overall customer service has gone down drastically here.

Location of the hotel is a plus point

Stayed in November 2022",Stayed in November 2022,Pratiti,5.0
"I stayed in this hotel for 15 nights in February 2022 and had a great experience. This time I wanted to stay for 15 nights but after 9 nights of stay I moved to another hotel because of various issues like leaking showers, smelly rooms, ineffective air conditioner, lot of issues with house keeping not cleaning in time even after few reminders, not replacing towels, ,mugs etc.There is always a wait in the breakfast area. Food quality is not as good as before.Overall customer service has gone down drastically here.We felt cheated at the time of checkin at 5:30 am from the airport. I was told it is subject to availability and will incur some charges but we had to pay full day charge. If this is hotel's policy it must be conveyed before when early checkin was requested. In February '22 we arrived at the same time and were allowed early checkin without any extra cost. I understand it is no way our right to check in early but there should be a clear policy. Room was only available if we pay full day charge which I felt was a cheeky way.

Location of the hotel is a plus point

Stayed in November 2022",Stayed in November 2022,Pratiti,5.0
"location is great and the condition of the hotel is excellent.

Stayed in November 2022",Stayed in November 2022,Vipul,10
"the service, the room, degree of cleanliness

nothing

Stayed in December 2022",Stayed in December 2022,Alka,3.0
"Very good place to stay

Stayed in September 2022",Stayed in September 2022,Rohitk790,10
"bathroom fittings

location

Stayed in November 2022",Stayed in November 2022,Abdul,10
"Almost every thing.
very basic rooms
they have sprayed the Marilolundhu perfume..Full of room and even was rooms..can‚Äôt stay in ..Compleat head ache.not able to tolerate.
in toilet health facets tape is not at all stopping..
very much old style of basic hotel
In the breakfast buffet Area we have to wait for long because of limited space.
like us lot of guests were waited.

Bed was comfortable

Stayed in November 2022",Stayed in November 2022,G,3.0
"Food was not good.
Room service never picked up the phone for nearly 30 mins.
Eventually when we went down to the restuarant they said they were closing. And that they will take the order and send it the room
Food was cold and tasteless.

Only the Room.

Stayed in November 2022",Stayed in November 2022,Ravi,6.0
"I DONT THINK IN HSE FOOD WAS A GOUMET   AND THE CHARGES ARE SKY HIGH .

IT WAS OK .YR  REDISOON BLUE  DELHI   IS  FAR  FAR  MUCH BETTER . YR  FOOD CHARGES  FOR IN ROOM SERVICES  JUST  TOO TOO HIGH .

Stayed in November 2022",Stayed in November 2022,Janardan,5.0
"professional staff. clean and very good location.

Stayed in November 2022",Stayed in November 2022,Minaz,10
"i had organised a cake and balloons complementary to my stay for my parents anniversary and although the hotel said this would be accommodated for ahead of arrival, it wasn‚Äôt taken care of even during our stay. disappointed.

pretty only on the outside. the rooms we got given were below average and had to be upgraded to the exec suites due to heavy damp. my parents are old and needed a room which had fresh air. this was provided by staff member Akash.

Stayed in October 2022",Stayed in October 2022,Pooja,4.0
"1) one touch service , it does not work 
2) wash room corners should be cleaned and modernised 
3) wash room is dark and should be brighter 
4) Toiletaries‚Ä¶ printed word for shampoo, conditioner or body wash is so small ‚Ä¶ u need magnifying glass to read

May be in room food

Stayed in November 2022",Stayed in November 2022,Vipin,4.0
"the staff especially the concierge staff. unhelpful. made our stay very uncomfortable.

cleanliness

Stayed in November 2022",Stayed in November 2022,Balraj,1.0
"Ac didn't work in the suite we took.
Housekeeping wasn't great
Breakfast wasn't great either

The location

Stayed in June 2022",Stayed in June 2022,Neerja,5.0
"The staff isn't well trained. The hotel felt very classist. We arrived at the hotel in an auto, we were stopped at the checkpoint gate, and no one even helped us with the luggage. The room that was given to us was very unclean, the standard of cleanliness was substantially lower than what one would expect for a hotel that is rated 5 star. They did give us some complimentary service after I complained to the manager.

Stayed in May 2022",Stayed in May 2022,Akanksha,1.0
"restaurant and food was pathetic

Stayed in May 2022",Stayed in May 2022,Gaurav,5.0
"Nice food and also staff are helpfull

Stayed in May 2022",Stayed in May 2022,Vishal,10
"Nothing that i didnt like.

Warm hospitality, central location and great food

Stayed in April 2022",Stayed in April 2022,Aashish,10
"Best food and center location

Stayed in April 2022",Stayed in April 2022,Jignesh,10
"nothing

Stayed in April 2022",Stayed in April 2022,Sham,4.0
"Nothing...all was well

Overall it was a great stay

Stayed in April 2022",Stayed in April 2022,Dinesh,10
"Excellent service and a wide variety of delicious food options. Staff were very warm and welcoming not only at the reception but also in the restaurant (special mention for Chef Manoj and Ankit).  Room was very clean bright and comfortable.  They also gave us an early check in and late check out. Also very good recommendation on the tour company. All in all Radisson Blu made our holiday memorable.  Will certainly recommend it and revisit. Thanks so much

Stayed in April 2022",Stayed in April 2022,Aashish,10
"Everything is overpriced,there was no guidance for foreigners, lifts rarely worked, room was disappointing given the stars status.

Location.

Stayed in March 2022",Stayed in March 2022,Rrawan,5.0
"Beautiful room and the stay was just too good. Thank you everyone around who helped me to make a better place to love

Stayed in February 2022",Stayed in February 2022,Vimal,10
"in the city

Stayed in April 2022",Stayed in April 2022,Bhavna,10
"Would recommend everybody to stay here. Comfortable rooms, helpful staff especially in the front desk. My stay was hassle-free. Cheers!!!

Stayed in April 2022",Stayed in April 2022,Abhishek,10
"Nothing to complain

Good location and service

Stayed in March 2022",Stayed in March 2022,Aditya,10
"Excellent location, Amenities  great staff

Stayed in February 2022",Stayed in February 2022,Sita,10
"AC was not working
When reported to manager, he dint even bothered.

Room
Breakfast
Staff

Stayed in December 2021",Stayed in December 2021,Himanshu,5.0
"Should be included in your tariff or made complimentary

Did not have BF as it was not complimentary or inclusive of your tariff

Stayed in March 2022",Stayed in March 2022,Devang,5.0
"The gym though well equipped doesn't have an attendant/trainer

The hospitality and the way the staff puts in efforts to accommodate your requests is commendable

Stayed in March 2022",Stayed in March 2022,Rasika,10
"Room service

Improve room services

Stayed in February 2022",Stayed in February 2022,Info,10
"Great stay,one of the best i ever had,and all this thanks to the personal from Radisson Blu.Special thanks to Priyanka and my next stay will be there for sure .

Stayed in February 2022",Stayed in February 2022,Iyi,10
"not informed about chargeable breakfast in super delux rooms no complementary or welcome benefits

inform about the facilities

Stayed in January 2022",Stayed in January 2022,Emil,1.0
"Breakfast had an excellent spread. The Tea in a glass was great ""feel India"" idea. The service was exceptional, especially the manager was taking extra effort to keep the hospitality levels truly a royal class

Stayed in February 2022",Stayed in February 2022,Rajesh,10
"service

location

Stayed in February 2022",Stayed in February 2022,Motiwala,1.0
"Location: In the heart of the cityStaff: Courteous Breakfast: Very Good

Stayed in January 2022",Stayed in January 2022,Amar,10
"South Indian dishes & meat spread can certainly improve

Food quality was very good also service !

Stayed in January 2022",Stayed in January 2022,Hemant,10
"curtain in side glass wall bathroom is so thin, person inside toilet is totally visible.It may be style for couples but in trip for business with colleague is absolutely embarrassing.

Breakfast is so so but I had dinner once and it was a horrible experience.To me Buffet at both the sides restaurants are over charged when I get better at Mumbai. I opted for a lamb biriyani. After an hour they served me some thing where spices are not cooked properly and lamb taste is not at all good. I thought, it's my mistake having food there so continuing but after a few spoons, it is full of salt. I complained and they also accepted. Again they served me a new plate taking further 25 mins. Taste was so so, I just filled my stomach and came out from Tiffeny restaurant.

Stayed in July 2021",Stayed in July 2021,Paul,5.0
"Un pleasant Staff and unprofessional approach 
I booked a king room which was not available and on being asked they said due to technical issues king room inventory is still showing on OTA 
The carpets were smelling and bathrooms were averagely cleaned 
The quality of soaps and shampoo was like that of an OYO

Rates

Stayed in July 2021",Stayed in July 2021,Siddharth,4.0
"Everything is good

Cleanliness and food

Stayed in July 2021",Stayed in July 2021,Mukesh,10
"Reception staff very arrogant and didn't hear anything of our requirements.

Restaurants staff and food quality

Stayed in June 2021",Stayed in June 2021,Milind,1.0
"If any body come to meet any guest plz don't charge extra .

Receptionist divakar,s behaviour was very bad

Stayed in June 2021",Stayed in June 2021,Amit,1.0
"Location services clean üëå

Stayed in June 2021",Stayed in June 2021,Patrick,10
"There was nothing that I didn't like

Each and every thing i like of this hotel seriousl√Ω worth staying there and its a money worth

Stayed in June 2021",Stayed in June 2021,Vicky,10
"Nothinggggggg

Jyotii and monika was there in desk 
And they are so nicee to talkk 
They are always there for me at any timee
They don't feel me like tht i am in hotell 
Best staff in town ‚ù§Ô∏è 
And yaa tariff ka sirf jyoti and monika ‚ù§Ô∏è

Stayed in April 2021",Stayed in April 2021,Keshav,10
"Service at breakfast was very very slow

Location, room, reception staff

Stayed in October 2021",Stayed in October 2021,Anonymous,9.0
"Wev really didn't appreciate how the hotel was allowing weddings to be hosted in the hotel with huge gatherings during covid times. 
Even during the breakfast hours, you'd find people arriving at the breakfast area without masks. Anyone who is aware of the high number of covid cases in Ahmedabad will have atleast a little understanding to keep wearing the masks at all times except when eating in public areas. 
I will really appreciate if the hotel management at Radisson steps up in this matter.

We appreciate the prompt services provided by the concierge and the housekeeping.

Stayed in May 2021",Stayed in May 2021,Anonymous,7.0
"Described above

This is not five star for sure. This is three star hotel and shame of Raddison network. Staff should learn English and go under ‚Äúfive star training‚Äù 
Approximately everything was really bad, starting from security, staff, rooms, service, food, communication and so on. 
I have been in five star hotels around the world and in India too, so it‚Äôs not the one, even closely. Avoid

Stayed in November 2023",Stayed in November 2023,Anonymous,1.0
"The food can be better . The staff takes a lot of time to get the ordered food. They need to be more proactive

The room , services all great

Stayed in October 2023",Stayed in October 2023,Anonymous,10
"Nothing

Excellent service overall

Stayed in October 2023",Stayed in October 2023,Anonymous,10
"Generally, the supplies and supplies that should be added to the room after finishing the room should also be prepared together. But every time the room is cleaned up in the morning, the room will be short of mineral water, towels and the like. Although the service staff is very polite, it is a pity that it takes several times a day to complete the housekeeping service and replenish the supplies.

I feel that the breakfast is rich, and the attitude and efficiency of the chefs and service staff are impressive.

Stayed in July 2023",Stayed in July 2023,Anonymous,6.0
"The room cleaning is not good, often lack of water, forget to add new towels and paper towels, and clean the room perfunctorily

rich breakfast

Stayed in July 2023",Stayed in July 2023,Anonymous,5.0
"Nice stay great service

Stayed in July 2023",Stayed in July 2023,Anonymous,10
"nothing

good

Stayed in May 2023",Stayed in May 2023,Anonymous,10
"cleaning sarvice

good sarvice nice property

Stayed in May 2023",Stayed in May 2023,Anonymous,10
"nothing like this

excellent ambience

Stayed in May 2023",Stayed in May 2023,Anonymous,10
"na

Great Staff Wonderful Service

Stayed in February 2023",Stayed in February 2023,Anonymous,10
"bathroom

Stayed in February 2023",Stayed in February 2023,Anonymous,10
"rooms

very nice

Stayed in December 2022",Stayed in December 2022,Anonymous,10
"everything

Stayed in October 2022",Stayed in October 2022,Anonymous,10
"sarvice

very nice

Stayed in August 2022",Stayed in August 2022,Anonymous,10
"very nice

all good

Stayed in May 2022",Stayed in May 2022,Anonymous,10
"There are no comments available for this review

Stayed in December 2023",Stayed in December 2023,Raxit,9.0
"There are no comments available for this review

Stayed in November 2023",Stayed in November 2023,Edward,7.0
"There are no comments available for this review

Stayed in December 2023",Stayed in December 2023,Dungarani,8.0
"There are no comments available for this review

Stayed in October 2023",Stayed in October 2023,Dhanisha,8.0
"There are no comments available for this review

Stayed in November 2023",Stayed in November 2023,Ankush,8.0
"There are no comments available for this review

Stayed in October 2023",Stayed in October 2023,Devmurari,8.0
"There are no comments available for this review

Stayed in October 2023",Stayed in October 2023,Ali,8.0
"There are no comments available for this review

Stayed in November 2023",Stayed in November 2023,Natwarlal,8.0
"There are no comments available for this review

Stayed in September 2023",Stayed in September 2023,Sridhar,9.0
"There are no comments available for this review

Stayed in November 2023",Stayed in November 2023,Sridhar,9.0
"There are no comments available for this review

Stayed in November 2023",Stayed in November 2023,Surabhi,9.0
"There are no comments available for this review

Stayed in November 2023",Stayed in November 2023,Samir,9.0
"There are no comments available for this review

Stayed in October 2023",Stayed in October 2023,Katkani,7.0
"There are no comments available for this review

Stayed in October 2023",Stayed in October 2023,R,9.0
"There are no comments available for this review

Stayed in September 2023",Stayed in September 2023,Puneet,9.0
"There are no comments available for this review

Stayed in October 2023",Stayed in October 2023,Lagan,8.0
"There are no comments available for this review

Stayed in October 2023",Stayed in October 2023,Sunil,8.0
"There are no comments available for this review

Stayed in August 2023",Stayed in August 2023,Natwarlal,9.0
"There are no comments available for this review

Stayed in October 2023",Stayed in October 2023,Haanim,9.0
"There are no comments available for this review

Stayed in October 2023",Stayed in October 2023,Gagandeep,8.0
"There are no comments available for this review

Stayed in October 2023",Stayed in October 2023,Vivek,9.0
"There are no comments available for this review

Stayed in October 2023",Stayed in October 2023,Haanim,9.0
"There are no comments available for this review

Stayed in October 2023",Stayed in October 2023,Chirag,9.0
"There are no comments available for this review

Stayed in October 2023",Stayed in October 2023,Vishal,8.0
"There are no comments available for this review

Stayed in October 2023",Stayed in October 2023,Mamta,8.0
"There are no comments available for this review

Stayed in June 2023",Stayed in June 2023,Amir,7.0
"There are no comments available for this review

Stayed in June 2023",Stayed in June 2023,Sergei,8.0
"There are no comments available for this review

Stayed in May 2023",Stayed in May 2023,Nditsheni,7.0
"There are no comments available for this review

Stayed in June 2023",Stayed in June 2023,Ashish,8.0
"There are no comments available for this review

Stayed in June 2023",Stayed in June 2023,Shivani,9.0
"There are no comments available for this review

Stayed in May 2023",Stayed in May 2023,Kunal,8.0
"There are no comments available for this review

Stayed in June 2023",Stayed in June 2023,Mahendra,9.0
"There are no comments available for this review

Stayed in June 2023",Stayed in June 2023,Anand,8.0
"There are no comments available for this review

Stayed in June 2023",Stayed in June 2023,Shivam,8.0
"There are no comments available for this review

Stayed in May 2023",Stayed in May 2023,Ramesh,9.0
"There are no comments available for this review

Stayed in April 2023",Stayed in April 2023,Milap,9.0
"There are no comments available for this review

Stayed in May 2023",Stayed in May 2023,Thameem,8.0
"There are no comments available for this review

Stayed in May 2023",Stayed in May 2023,Maran,9.0
"There are no comments available for this review

Stayed in May 2023",Stayed in May 2023,Raj,8.0
"There are no comments available for this review

Stayed in May 2023",Stayed in May 2023,Aakash,9.0
"There are no comments available for this review

Stayed in February 2023",Stayed in February 2023,Vijay,8.0
"There are no comments available for this review

Stayed in May 2023",Stayed in May 2023,Ashish,9.0
"There are no comments available for this review

Stayed in May 2023",Stayed in May 2023,Manmohit,9.0
"There are no comments available for this review

Stayed in April 2023",Stayed in April 2023,Kaushik,8.0
"There are no comments available for this review

Stayed in May 2023",Stayed in May 2023,Kapil,9.0
"There are no comments available for this review

Stayed in March 2023",Stayed in March 2023,Mohmed,8.0
"There are no comments available for this review

Stayed in May 2023",Stayed in May 2023,Jignesh,8.0
"There are no comments available for this review

Stayed in May 2023",Stayed in May 2023,Rangaswamy,8.0
"There are no comments available for this review

Stayed in May 2023",Stayed in May 2023,Amar,9.0
"There are no comments available for this review

Stayed in April 2023",Stayed in April 2023,Mohit,9.0
"There are no comments available for this review

Stayed in November 2022",Stayed in November 2022,Sivakumar,9.0
"There are no comments available for this review

Stayed in December 2022",Stayed in December 2022,Bhaveshkumar,8.0
"There are no comments available for this review

Stayed in December 2022",Stayed in December 2022,Ashik,9.0
"There are no comments available for this review

Stayed in December 2022",Stayed in December 2022,Siddharth,9.0
"There are no comments available for this review

Stayed in December 2022",Stayed in December 2022,Deepak,7.0
"There are no comments available for this review

Stayed in December 2022",Stayed in December 2022,Rajesh,8.0
"There are no comments available for this review

Stayed in December 2022",Stayed in December 2022,Umang,9.0
"There are no comments available for this review

Stayed in December 2022",Stayed in December 2022,Uday,9.0
"There are no comments available for this review

Stayed in December 2022",Stayed in December 2022,Stephanie,8.0
"There are no comments available for this review

Stayed in December 2022",Stayed in December 2022,Naval,8.0
"There are no comments available for this review

Stayed in December 2022",Stayed in December 2022,Norbu,9.0
"There are no comments available for this review

Stayed in December 2022",Stayed in December 2022,Antwone,9.0
"There are no comments available for this review

Stayed in November 2022",Stayed in November 2022,Daniel,7.0
"There are no comments available for this review

Stayed in November 2022",Stayed in November 2022,Hetvi,8.0
"There are no comments available for this review

Stayed in November 2022",Stayed in November 2022,Samar,8.0
"There are no comments available for this review

Stayed in November 2022",Stayed in November 2022,Rajesh,8.0
"There are no comments available for this review

Stayed in November 2022",Stayed in November 2022,Ragini,8.0
"There are no comments available for this review

Stayed in November 2022",Stayed in November 2022,Adesara,8.0
"There are no comments available for this review

Stayed in October 2022",Stayed in October 2022,Gurdeep,7.0
"There are no comments available for this review

Stayed in November 2022",Stayed in November 2022,Solanki,8.0
"There are no comments available for this review

Stayed in November 2022",Stayed in November 2022,Vipul,8.0
"There are no comments available for this review

Stayed in November 2022",Stayed in November 2022,Sadananda,8.0
"There are no comments available for this review

Stayed in October 2022",Stayed in October 2022,Ayush,8.0
"There are no comments available for this review

Stayed in October 2022",Stayed in October 2022,Ayaz,8.0
"There are no comments available for this review

Stayed in November 2022",Stayed in November 2022,Pankaj,8.0
"There are no comments available for this review

Stayed in June 2022",Stayed in June 2022,Shiv,9.0
"There are no comments available for this review

Stayed in June 2022",Stayed in June 2022,Pritesh,9.0
"There are no comments available for this review

Stayed in June 2022",Stayed in June 2022,Manas,8.0
"There are no comments available for this review

Stayed in April 2022",Stayed in April 2022,Sunesh,8.0
"There are no comments available for this review

Stayed in April 2022",Stayed in April 2022,Vivek,7.0
"There are no comments available for this review

Stayed in March 2022",Stayed in March 2022,Pramod,9.0
"There are no comments available for this review

Stayed in May 2022",Stayed in May 2022,Vinod,7.0
"There are no comments available for this review

Stayed in May 2022",Stayed in May 2022,Reena,8.0
"There are no comments available for this review

Stayed in May 2022",Stayed in May 2022,Aakram,7.0
"There are no comments available for this review

Stayed in March 2022",Stayed in March 2022,Blessy,7.0
"There are no comments available for this review

Stayed in March 2022",Stayed in March 2022,Blessy,7.0
"There are no comments available for this review

Stayed in May 2022",Stayed in May 2022,Meshram,8.0
"There are no comments available for this review

Stayed in May 2022",Stayed in May 2022,Rajeev,8.0
"There are no comments available for this review

Stayed in April 2022",Stayed in April 2022,Neena,8.0
"There are no comments available for this review

Stayed in May 2022",Stayed in May 2022,Ishwa,9.0
"There are no comments available for this review

Stayed in February 2022",Stayed in February 2022,Hiral,8.0
"There are no comments available for this review

Stayed in May 2022",Stayed in May 2022,Anurag,7.0
"There are no comments available for this review

Stayed in May 2022",Stayed in May 2022,Vineet,9.0
"There are no comments available for this review

Stayed in May 2022",Stayed in May 2022,Ashok,7.0
"There are no comments available for this review

Stayed in May 2022",Stayed in May 2022,Monica,9.0
"There are no comments available for this review

Stayed in March 2022",Stayed in March 2022,Soniya,8.0
"There are no comments available for this review

Stayed in April 2022",Stayed in April 2022,Saifee,9.0
"There are no comments available for this review

Stayed in May 2022",Stayed in May 2022,Saha,8.0
"There are no comments available for this review

Stayed in April 2022",Stayed in April 2022,Sohel,8.0
"There are no comments available for this review

Stayed in May 2022",Stayed in May 2022,Yogesh,9.0
"There are no comments available for this review

Stayed in December 2021",Stayed in December 2021,Paresh,9.0
"There are no comments available for this review

Stayed in December 2021",Stayed in December 2021,Jaiswal,9.0
"There are no comments available for this review

Stayed in December 2021",Stayed in December 2021,Faisal,9.0
"There are no comments available for this review

Stayed in December 2021",Stayed in December 2021,Merajul,8.0
"There are no comments available for this review

Stayed in December 2021",Stayed in December 2021,Abhijit,8.0
"There are no comments available for this review

Stayed in December 2021",Stayed in December 2021,Prasad,8.0
"There are no comments available for this review

Stayed in November 2021",Stayed in November 2021,Jitendra,9.0
"There are no comments available for this review

Stayed in November 2021",Stayed in November 2021,Sarfarazul,8.0
"There are no comments available for this review

Stayed in November 2021",Stayed in November 2021,Milan,7.0
"There are no comments available for this review

Stayed in November 2021",Stayed in November 2021,Bitika,9.0
"There are no comments available for this review

Stayed in November 2021",Stayed in November 2021,Sheetal,9.0
"There are no comments available for this review

Stayed in November 2021",Stayed in November 2021,Gaurav,8.0
"There are no comments available for this review

Stayed in November 2021",Stayed in November 2021,Rajput,9.0
"There are no comments available for this review

Stayed in September 2021",Stayed in September 2021,Goenka,8.0
"There are no comments available for this review

Stayed in October 2021",Stayed in October 2021,Dr,8.0
"There are no comments available for this review

Stayed in November 2021",Stayed in November 2021,Sharat,8.0
"There are no comments available for this review

Stayed in October 2021",Stayed in October 2021,Repaul,8.0
"There are no comments available for this review

Stayed in October 2021",Stayed in October 2021,Priyank,9.0
"There are no comments available for this review

Stayed in October 2021",Stayed in October 2021,Rajendra,9.0
"There are no comments available for this review

Stayed in October 2021",Stayed in October 2021,Bhavin,7.0
"There are no comments available for this review

Stayed in October 2021",Stayed in October 2021,Shreyas,8.0
"There are no comments available for this review

Stayed in September 2021",Stayed in September 2021,Debasis,7.0
"There are no comments available for this review

Stayed in October 2021",Stayed in October 2021,Vijay,8.0
"There are no comments available for this review

Stayed in September 2021",Stayed in September 2021,Lalit,8.0
"There are no comments available for this review

Stayed in September 2021",Stayed in September 2021,Lokendra,9.0
"There are no comments available for this review

Stayed in February 2024",Stayed in February 2024,Vivek,1.0
"There are no comments available for this review

Stayed in January 2024",Stayed in January 2024,Taher,1.0
"There are no comments available for this review

Stayed in January 2024",Stayed in January 2024,Abdul,1.0
"There are no comments available for this review

Stayed in January 2024",Stayed in January 2024,Acharya,10
"There are no comments available for this review

Stayed in December 2023",Stayed in December 2023,Anil,10
"There are no comments available for this review

Stayed in January 2024",Stayed in January 2024,Mohammed,10
"There are no comments available for this review

Stayed in January 2024",Stayed in January 2024,Baruah,10
"There are no comments available for this review

Stayed in November 2023",Stayed in November 2023,Falahaldeen,10
"There are no comments available for this review

Stayed in December 2023",Stayed in December 2023,Ajinkya,10
"There are no comments available for this review

Stayed in January 2024",Stayed in January 2024,Sanjay,6.0
"There are no comments available for this review

Stayed in December 2023",Stayed in December 2023,Ritesh,3.0
"There are no comments available for this review

Stayed in January 2024",Stayed in January 2024,Adrian,10
"There are no comments available for this review

Stayed in December 2023",Stayed in December 2023,Devinder,1.0
"There are no comments available for this review

Stayed in December 2023",Stayed in December 2023,Iuliia,6.0
"There are no comments available for this review

Stayed in December 2023",Stayed in December 2023,Aresha,5.0
"There are no comments available for this review

Stayed in December 2023",Stayed in December 2023,Zhuang,10
"There are no comments available for this review

Stayed in December 2023",Stayed in December 2023,Parag,10
"There are no comments available for this review

Stayed in December 2023",Stayed in December 2023,Bhavin,6.0
"There are no comments available for this review

Stayed in December 2023",Stayed in December 2023,Nishith,10
"There are no comments available for this review

Stayed in December 2023",Stayed in December 2023,Raj,10
"There are no comments available for this review

Stayed in December 2023",Stayed in December 2023,Piyush,4.0
"There are no comments available for this review

Stayed in December 2023",Stayed in December 2023,Venugopal,10
"There are no comments available for this review

Stayed in December 2023",Stayed in December 2023,Sukhadia,10
"There are no comments available for this review

Stayed in November 2023",Stayed in November 2023,Chirag,10
"There are no comments available for this review

Stayed in October 2023",Stayed in October 2023,Anupam,6.0
"There are no comments available for this review

Stayed in August 2023",Stayed in August 2023,Anonymously,10
"There are no comments available for this review

Stayed in August 2023",Stayed in August 2023,Raju,10
"There are no comments available for this review

Stayed in August 2023",Stayed in August 2023,Deepak,10
"There are no comments available for this review

Stayed in July 2023",Stayed in July 2023,Kumar,10
"There are no comments available for this review

Stayed in August 2023",Stayed in August 2023,Karan,5.0
"There are no comments available for this review

Stayed in July 2023",Stayed in July 2023,Jay,10
"There are no comments available for this review

Stayed in July 2023",Stayed in July 2023,Champaneri,10
"There are no comments available for this review

Stayed in July 2023",Stayed in July 2023,Arjun,10
"There are no comments available for this review

Stayed in July 2023",Stayed in July 2023,Mohit,10
"There are no comments available for this review

Stayed in July 2023",Stayed in July 2023,Gaurang,10
"There are no comments available for this review

Stayed in July 2023",Stayed in July 2023,Jonathon,10
"There are no comments available for this review

Stayed in July 2023",Stayed in July 2023,Anup,10
"There are no comments available for this review

Stayed in July 2023",Stayed in July 2023,Arjun,10
"There are no comments available for this review

Stayed in July 2023",Stayed in July 2023,Shashank,10
"There are no comments available for this review

Stayed in July 2023",Stayed in July 2023,Shinde,10
"There are no comments available for this review

Stayed in June 2023",Stayed in June 2023,Ashish,10
"There are no comments available for this review

Stayed in July 2023",Stayed in July 2023,Pinaki,10
"There are no comments available for this review

Stayed in July 2023",Stayed in July 2023,Sita,10
"There are no comments available for this review

Stayed in July 2023",Stayed in July 2023,Nevaan,10
"There are no comments available for this review

Stayed in June 2023",Stayed in June 2023,Jaikishan,10
"There are no comments available for this review

Stayed in July 2023",Stayed in July 2023,Gaurav,10
"There are no comments available for this review

Stayed in July 2023",Stayed in July 2023,Krishan,10
"There are no comments available for this review

Stayed in July 2023",Stayed in July 2023,Shah,10
"There are no comments available for this review

Stayed in June 2023",Stayed in June 2023,Parth,10
"There are no comments available for this review

Stayed in June 2023",Stayed in June 2023,Nikhil,10
"There are no comments available for this review

Stayed in March 2023",Stayed in March 2023,Nagarik,10
"There are no comments available for this review

Stayed in March 2023",Stayed in March 2023,T,6.0
"There are no comments available for this review

Stayed in February 2023",Stayed in February 2023,Mahesh,10
"There are no comments available for this review

Stayed in February 2023",Stayed in February 2023,Bharat,10
"There are no comments available for this review

Stayed in February 2023",Stayed in February 2023,Keshav,10
"There are no comments available for this review

Stayed in February 2023",Stayed in February 2023,Rishabh,5.0
"There are no comments available for this review

Stayed in January 2023",Stayed in January 2023,Rakesh,10
"There are no comments available for this review

Stayed in February 2023",Stayed in February 2023,Kanishk,10
"There are no comments available for this review

Stayed in February 2023",Stayed in February 2023,Sumit,10
"There are no comments available for this review

Stayed in February 2023",Stayed in February 2023,Vijay,10
"There are no comments available for this review

Stayed in February 2023",Stayed in February 2023,Virambhai,10
"There are no comments available for this review

Stayed in February 2023",Stayed in February 2023,Jay,10
"There are no comments available for this review

Stayed in January 2023",Stayed in January 2023,Saran,5.0
"There are no comments available for this review

Stayed in January 2023",Stayed in January 2023,Chandrasekhar,6.0
"There are no comments available for this review

Stayed in January 2023",Stayed in January 2023,Narayan,4.0
"There are no comments available for this review

Stayed in January 2023",Stayed in January 2023,Clint,5.0
"There are no comments available for this review

Stayed in January 2023",Stayed in January 2023,Sunil,5.0
"There are no comments available for this review

Stayed in January 2023",Stayed in January 2023,Panchal,6.0
"There are no comments available for this review

Stayed in January 2023",Stayed in January 2023,Rananjay,10
"There are no comments available for this review

Stayed in January 2023",Stayed in January 2023,Hitesh,10
"There are no comments available for this review

Stayed in December 2022",Stayed in December 2022,Veer,10
"There are no comments available for this review

Stayed in January 2023",Stayed in January 2023,Reddivari,10
"There are no comments available for this review

Stayed in January 2023",Stayed in January 2023,Himanshu,10
"There are no comments available for this review

Stayed in January 2023",Stayed in January 2023,Aseem,3.0
"There are no comments available for this review

Stayed in December 2022",Stayed in December 2022,Pratima,10
"There are no comments available for this review

Stayed in November 2022",Stayed in November 2022,Jui,10
"There are no comments available for this review

Stayed in November 2022",Stayed in November 2022,Krishantkumar,1.0
"There are no comments available for this review

Stayed in October 2022",Stayed in October 2022,Pooja,10
"There are no comments available for this review

Stayed in November 2022",Stayed in November 2022,Himansu,10
"There are no comments available for this review

Stayed in November 2022",Stayed in November 2022,Vinodkumar,6.0
"There are no comments available for this review

Stayed in November 2022",Stayed in November 2022,Rajkumar,10
"There are no comments available for this review

Stayed in November 2022",Stayed in November 2022,Allan,10
"There are no comments available for this review

Stayed in November 2022",Stayed in November 2022,Aaqib,10
"There are no comments available for this review

Stayed in November 2022",Stayed in November 2022,Sukhdev,10
"There are no comments available for this review

Stayed in November 2022",Stayed in November 2022,Saravanan,10
"There are no comments available for this review

Stayed in November 2022",Stayed in November 2022,Himansu,10
"There are no comments available for this review

Stayed in November 2022",Stayed in November 2022,Sanjeev,3.0
"There are no comments available for this review

Stayed in November 2022",Stayed in November 2022,Dharmit,10
"There are no comments available for this review

Stayed in November 2022",Stayed in November 2022,Prem,5.0
"There are no comments available for this review

Stayed in October 2022",Stayed in October 2022,Pooja,10
"There are no comments available for this review

Stayed in November 2022",Stayed in November 2022,Sudharshan,10
"There are no comments available for this review

Stayed in October 2022",Stayed in October 2022,Santosh,10
"There are no comments available for this review

Stayed in November 2022",Stayed in November 2022,Himansu,10
"There are no comments available for this review

Stayed in October 2022",Stayed in October 2022,Binita,10
"There are no comments available for this review

Stayed in October 2022",Stayed in October 2022,Narendra,10
"There are no comments available for this review

Stayed in October 2022",Stayed in October 2022,Vijay,1.0
"There are no comments available for this review

Stayed in October 2022",Stayed in October 2022,Preet,10
"There are no comments available for this review

Stayed in October 2022",Stayed in October 2022,Akash,10
"There are no comments available for this review

Stayed in October 2022",Stayed in October 2022,Ginno,10
"There are no comments available for this review

Stayed in July 2022",Stayed in July 2022,Rakesh,10
"There are no comments available for this review

Stayed in May 2022",Stayed in May 2022,Anuj,10
"There are no comments available for this review

Stayed in April 2022",Stayed in April 2022,Harshit,10
"There are no comments available for this review

Stayed in April 2022",Stayed in April 2022,Vishal,10
"There are no comments available for this review

Stayed in April 2022",Stayed in April 2022,Mahesh,10
"There are no comments available for this review

Stayed in April 2022",Stayed in April 2022,Pradeep,10
"There are no comments available for this review

Stayed in April 2022",Stayed in April 2022,Ravi,5.0
"There are no comments available for this review

Stayed in April 2022",Stayed in April 2022,Laxmi,5.0
"There are no comments available for this review

Stayed in April 2022",Stayed in April 2022,Ravi,6.0
"There are no comments available for this review

Stayed in April 2022",Stayed in April 2022,Basanagouda,10
"There are no comments available for this review

Stayed in March 2022",Stayed in March 2022,Khan,10
"There are no comments available for this review

Stayed in April 2022",Stayed in April 2022,Neeraj,10
"There are no comments available for this review

Stayed in March 2022",Stayed in March 2022,Amitesh,2.0
"There are no comments available for this review

Stayed in March 2022",Stayed in March 2022,Utkarsh,10
"There are no comments available for this review

Stayed in March 2022",Stayed in March 2022,Rohan,10
"There are no comments available for this review

Stayed in March 2022",Stayed in March 2022,Kapadia,10
"There are no comments available for this review

Stayed in February 2022",Stayed in February 2022,Harsha,10
"There are no comments available for this review

Stayed in March 2022",Stayed in March 2022,Abhay,10
"There are no comments available for this review

Stayed in February 2022",Stayed in February 2022,Ayush,10
"There are no comments available for this review

Stayed in March 2022",Stayed in March 2022,Rajesh,10
"There are no comments available for this review

Stayed in February 2022",Stayed in February 2022,Rishabh,10
"There are no comments available for this review

Stayed in February 2022",Stayed in February 2022,Arnab,6.0
"There are no comments available for this review

Stayed in March 2022",Stayed in March 2022,Vijendra,3.0
"There are no comments available for this review

Stayed in February 2022",Stayed in February 2022,Abukar,10
"There are no comments available for this review

Stayed in March 2022",Stayed in March 2022,Abukar,10
"There are no comments available for this review

Stayed in January 2022",Stayed in January 2022,Nilesh,10
"There are no comments available for this review

Stayed in November 2021",Stayed in November 2021,Roshani,10
"There are no comments available for this review

Stayed in October 2021",Stayed in October 2021,Devang,10
"There are no comments available for this review

Stayed in October 2021",Stayed in October 2021,Smit,10
"There are no comments available for this review

Stayed in October 2021",Stayed in October 2021,Anjali,1.0
"There are no comments available for this review

Stayed in September 2021",Stayed in September 2021,Sanjeev,6.0
"There are no comments available for this review

Stayed in October 2021",Stayed in October 2021,Payal,10
"There are no comments available for this review

Stayed in October 2021",Stayed in October 2021,Soumya,10
"There are no comments available for this review

Stayed in October 2021",Stayed in October 2021,Pemba,10
"There are no comments available for this review

Stayed in October 2021",Stayed in October 2021,Shashank,10
"There are no comments available for this review

Stayed in July 2021",Stayed in July 2021,Bhatt,10
"There are no comments available for this review

Stayed in September 2021",Stayed in September 2021,Viishnu,10
"There are no comments available for this review

Stayed in September 2021",Stayed in September 2021,Riddhi,6.0
"There are no comments available for this review

Stayed in August 2021",Stayed in August 2021,Dilip,10
"There are no comments available for this review

Stayed in September 2021",Stayed in September 2021,Sandepak,10
"There are no comments available for this review

Stayed in September 2021",Stayed in September 2021,Suresh,1.0
"There are no comments available for this review

Stayed in August 2021",Stayed in August 2021,Keshav,10
"There are no comments available for this review

Stayed in August 2021",Stayed in August 2021,Girish,10
"There are no comments available for this review

Stayed in August 2021",Stayed in August 2021,Aashay,10
"There are no comments available for this review

Stayed in August 2021",Stayed in August 2021,Anish,6.0
"There are no comments available for this review

Stayed in June 2021",Stayed in June 2021,Shreenath,10
"There are no comments available for this review

Stayed in July 2021",Stayed in July 2021,Komakula,10
"There are no comments available for this review

Stayed in August 2021",Stayed in August 2021,Virambhai,10
"There are no comments available for this review

Stayed in June 2021",Stayed in June 2021,Anish,10
"There are no comments available for this review

Stayed in July 2021",Stayed in July 2021,Harsh,10
"There are no comments available for this review

Stayed in August 2021",Stayed in August 2021,Raghu,4.0
